{"mean":{"confidence_interval":{"confidence_level":0.95,"lower_bound":7.477585682444879,"upper_bound":7.531749596801033},"point_estimate":7.503029245839782,"standard_error":0.01384143634646469},"median":{"confidence_interval":{"confidence_level":0.95,"lower_bound":7.443855956431001,"upper_bound":7.538903086818092},"point_estimate":7.491833505317208,"standard_error":0.025571865040180605}}